Exchg,symbol,asset,price,vol24,change24
BINANCE,BTC-USDT,BTC,48549.95754467227,1880392209.5518754,1.4353443637552696
BINANCE,ETH-USDT,ETH,3498.3172738201265,1443138934.5985076,-1.131282468725448
BINANCE,SOL-USDT,SOL,158.50960230478347,1405030543.0011172,8.498767798466588
BINANCE,AVAX-USDT,AVAX,73.40176195564266,945818159.7653785,16.426078680203062
BINANCE,BUSD-USDT,BUSD,1.0000421264056798,828344314.6986974,0.01500300060011837
BINANCE,ETH-BUSD,ETH,3498.470903563781,546747253.4400613,-1.1412383078531598
BINANCE,GALA-USDT,GALA,0.10825997318207395,493984905.0402094,-1.1776519992696601
BINANCE,DOT-USDT,DOT,34.95822043953251,477610452.30607975,-2.6594263436368655
BINANCE,BTC-BUSD,BTC,48550.02855164342,472864253.5768474,1.4206090309048907
BINANCE,ETH-BTC,ETH,3498.88466958849,397801766.41037565,-2.5182629870129896
BINANCE,BNB-USDT,BNB,417.58846930415683,362244430.9247537,-0.2508361204013405
BINANCE,ADA-USDT,ADA,2.398720976232835,337123854.7426992,-0.5597014925372978
BINANCE,DYDX-USDT,DYDX,17.074072906706306,328195411.72398496,5.171564097825423
BINANCE,XRP-USDT,XRP,1.0847499299024155,310494998.36126435,-0.5364511691884578
BINANCE,FIL-USDT,FIL,85.76290069495381,290699429.06468916,2.430721452460579
BINANCE,SOL-BUSD,SOL,158.51206382769337,282075435.376276,8.535332785538213
BINANCE,EOS-USDT,EOS,5.287987142727168,280806896.14527905,-0.04725897920605653
BINANCE,FOR-USDT,FOR,0.1173908143382156,279542842.44406056,7.2453174965737706
BINANCE,FTM-USDT,FTM,1.4015291124005396,275029314.8441019,5.957961590805986
BINANCE,SHIB-USDT,SHIB,8.175753171024982e-06,273176298.02100646,-7.312925170068044
BINANCE,TRX-USDT,TRX,0.1073248870395775,250694278.17507318,-6.650139178844825
BINANCE,DOGE-USDT,DOGE,0.2443725122128385,246306709.16149506,-3.571428571428572
BINANCE,SUSHI-USDT,SUSHI,12.931691300053643,238139955.7806034,-8.013800953261734
BINANCE,GALA-BUSD,GALA,0.10825982441984129,227504621.01025075,-1.2181768409526568
BINANCE,ATOM-USDT,ATOM,35.85330289678846,226899404.2720173,1.2140033879164305
BINANCE,MATIC-USDT,MATIC,1.402629213744653,203884411.6905404,2.0742358078602434
BINANCE,LUNA-USDT,LUNA,36.07832362626621,198520219.91264987,1.2773722627737378
BINANCE,LINK-USDT,LINK,29.007672260009745,196286336.84380126,-2.109348633142074
BINANCE,FTT-USDT,FTT,65.74605669274403,191891068.92837334,-0.9939759036144526
BINANCE,FOR-BUSD,FOR,0.1173852310784811,191685281.40085524,7.363029360651241
BINANCE,SOL-BTC,SOL,158.533462422517,187404198.94311735,6.99492053088645
BINANCE,AVAX-TRY,AVAX,73.46132071514074,165169335.24917772,17.337662337662348
BINANCE,USDC-USDT,USDC,1.000142135618781,147097263.7892945,0.03501050315093032
BINANCE,ALGO-USDT,ALGO,1.9961338888938613,141585700.8861538,-1.5658134832568786
BINANCE,AVAX-BUSD,AVAX,73.39827087242394,131989904.37805235,16.444550214183735
BINANCE,CELR-USDT,CELR,0.12094614186396409,131270164.36552843,2.149674803615175
BINANCE,IOTA-USDT,IOTA,1.6713539693476394,127212098.93975075,10.28839173760971
BINANCE,AVAX-BTC,AVAX,73.41207119147413,123440105.04948042,14.746508803885863
BINANCE,ADA-BUSD,ADA,2.398606889944939,121519472.41230156,-0.5597014925372978
BINANCE,HBAR-USDT,HBAR,0.43679023821959156,114849018.09902829,-4.242490681868018
BINANCE,BNB-BUSD,BNB,417.5686082537041,114125754.4071496,-0.274659660855022
BINANCE,USDT-TRY,USDT,1.001069479932707,112933598.18296602,0.812960580184834
BINANCE,ETH-EUR,ETH,3495.504017482051,109458207.21062653,-0.7908792452704863
BINANCE,ELF-USDT,ELF,0.9755398691958801,107631990.98815864,-11.811771087605113
BINANCE,CRV-USDT,CRV,2.9027674102629986,106195507.6707985,-4.428712545274944
BINANCE,COTI-USDT,COTI,0.42023871345133923,106018928.69779766,16.722222222222232
BINANCE,USDC-BUSD,USDC,1.0000945675586557,100586041.61693232,0.004999999999988347
BINANCE,XTZ-USDT,XTZ,6.36508636782734,94328073.40018953,-3.230956363083478
BINANCE,LTC-USDT,LTC,183.76692907349732,94200033.56868696,-1.050080775444259
BINANCE,DOT-BTC,DOT,34.958013528872144,87337159.78204292,-4.0833999467093
BINANCE,SOL-TRY,SOL,158.64253590440228,86057761.47919734,9.307723089235708
BINANCE,AUDIO-USDT,AUDIO,2.8107589342098738,82567607.65490122,-7.060185185185179
BINANCE,SRM-USDT,SRM,10.537470738410365,81832361.28528921,7.4933687002652585
BINANCE,ELF-BUSD,ELF,0.9754434690232618,81009905.19304566,-11.768430574400714
BINANCE,EGLD-USDT,EGLD,250.87811152507308,80678755.40750302,-2.147370884693398
BINANCE,SWRV-BUSD,SWRV,1.5043170373982382,78547298.84208071,40.23026009135827
BINANCE,KAVA-USDT,KAVA,6.275078076036239,78398897.15050401,-0.9862711062016728
BINANCE,BTC-EUR,BTC,48508.93187130215,76154981.75883017,1.767042090471237
BINANCE,BNB-BTC,BNB,417.65588355940514,70745924.87558414,-1.6634274608437156
BINANCE,THETA-USDT,THETA,6.520100648134235,68895430.47465864,-0.32869591805535114
BINANCE,VET-USDT,VET,0.11507560105492229,67978442.3761747,-0.8658568105453657
BINANCE,ONE-USDT,ONE,0.16817549275101665,67539309.6739764,4.766058189520878
BINANCE,ALICE-USDT,ALICE,13.50624422932017,65979086.125953786,-4.693013408609746
BINANCE,UNI-USDT,UNI,24.947298208100086,65938484.80040716,-2.937743190661475
BINANCE,FET-USDT,FET,0.8770307942911754,65762624.568218544,-3.7376509330406296
BINANCE,BTC-USDC,BTC,48551.51127361768,65701881.10196829,1.425645979676048
BINANCE,ETC-USDT,ETC,57.77532240857654,65681207.97521642,-0.636394908840737
BINANCE,DOT-BUSD,DOT,34.956557781123756,65183592.22152,-2.6594263436368655
BINANCE,CAKE-USDT,CAKE,22.682089531357384,63625410.71708235,3.137789904502052
BINANCE,NEAR-USDT,NEAR,8.791809923728518,63258216.21569776,1.6300578034682083
BINANCE,ADA-BTC,ADA,2.399403067614719,62867770.64308565,-1.934907719785665
BINANCE,AAVE-USDT,AAVE,362.78342052468656,62379143.87698436,-4.110494316679887
BINANCE,ICP-USDT,ICP,58.12035419377576,61926922.38114835,0.9642112578179162
BINANCE,AXS-USDT,AXS,66.94116678930364,61727814.157396056,0.5331931510964313
BINANCE,SUN-USDT,SUN,0.039643652073324806,60375358.16159491,7.571234735413823
BINANCE,DYDX-BUSD,DYDX,17.0742608861684,56203270.7981935,5.171245534064293
BINANCE,SHIB-BUSD,SHIB,8.175364321575931e-06,55578187.21841947,-7.312925170068044
BINANCE,C98-USDT,C98,3.9213612456989555,54558315.85210999,4.448588172615883
BINANCE,SNX-USDT,SNX,13.288724190825013,53970352.67890793,-4.878659889755873
BINANCE,BCH-USDT,BCH,635.8085722910255,53564627.17545013,-1.188995958967979
BINANCE,IDEX-BUSD,IDEX,0.4493650252083838,51093873.34925476,-4.920651713922985
BINANCE,MINA-USDT,MINA,5.457002712868235,50235914.0468421,-3.6634887005649643
BINANCE,GALA-BTC,GALA,0.10852303665119693,48772726.67071444,-2.4017467248908435
BINANCE,LUNA-BUSD,LUNA,36.091608362773755,45892820.57406916,1.2910468706146527
BINANCE,CELR-BUSD,CELR,0.1209953919593238,45235351.999350615,2.1702415132578863
BINANCE,FOR-BTC,FOR,0.11726314698552152,43461188.68872231,5.458515283842779
BINANCE,LUNA-BTC,LUNA,36.086944447055735,43113710.908944756,-0.22821855282588094
BINANCE,LINK-BTC,LINK,29.009882884679026,43069923.25122135,-3.481421647819056
BINANCE,ETH-USDC,ETH,3498.4583268660062,43057036.91319965,-1.1665489475914665
BINANCE,RUNE-USDT,RUNE,10.316950423522167,42903230.231494814,3.2632632632632506
BINANCE,OMG-USDT,OMG,8.760307021601632,42728756.670449845,2.223129886801241
BINANCE,MBOX-USDT,MBOX,5.884542098875964,41822695.28108695,-8.704422032583397
BINANCE,SXP-USDT,SXP,2.691747970619418,41667995.063062266,-0.609305760709017
BINANCE,IDEX-USDT,IDEX,0.44932639308183,41184344.33838035,-4.868933683408134
BINANCE,VIDT-BUSD,VIDT,1.0961988502869062,40750930.26789052,21.767385025549874
BINANCE,SLP-USDT,SLP,0.0815575132840474,40526561.971163854,-2.3353293413173573
BINANCE,REN-USDT,REN,1.0635979813315068,39280440.086819544,6.360636063606348
BINANCE,CHZ-USDT,CHZ,0.3310804999715989,39275920.461910285,-2.0851818988464954
BINANCE,DOGE-BUSD,DOGE,0.24436088953848065,39064126.08730487,-3.6094674556212984
BINANCE,SUSHI-BTC,SUSHI,12.93536329480039,39025543.49684277,-9.264305177111702
HUOBIGLOBAL,ETH-USDT,ETH,3497.907236046412,778866707.3535174,1.3660537031401765
HUOBIGLOBAL,BTC-USDT,BTC,48551.53769023927,580748774.700615,2.1578494167496807
HUOBIGLOBAL,FIL-USDT,FIL,85.74004858976019,263429165.3267366,4.265308604439052
HUOBIGLOBAL,NFT-USDT,NFT,4.034321651896786e-06,204614902.04602787,-0.6171470805617115
HUOBIGLOBAL,SOL-USDT,SOL,158.44084597077634,170757893.67153725,9.600529371395668
HUOBIGLOBAL,DOT-USDT,DOT,34.940368794993944,164653945.07117033,2.8949290514870105
HUOBIGLOBAL,TRX-USDT,TRX,0.10734738911252528,149668644.85785085,1.0463539999623457
HUOBIGLOBAL,EOS-USDT,EOS,5.286336990710998,143738192.98747832,-3.001247843799315
HUOBIGLOBAL,AVAX-USDT,AVAX,73.3413563909295,117171845.99611884,14.499437921558819
HUOBIGLOBAL,SUN-USDT,SUN,0.03967615506758271,102788716.51960175,-4.242095100168965
HUOBIGLOBAL,DOGE-USDT,DOGE,0.24422999908416929,97721654.35908295,0.4597062816240986
HUOBIGLOBAL,XRP-USDT,XRP,1.0844949064090075,91438626.52052724,1.3424857246993038
HUOBIGLOBAL,DYDX-USDT,DYDX,17.10902612668518,90605166.52612677,4.068144074653101
HUOBIGLOBAL,SHIB-USDT,SHIB,8.175753171024982e-06,89572990.02754399,-5.926352128883786
HUOBIGLOBAL,LUNA-USDT,LUNA,36.06672255754647,89222111.63615154,2.878970280308778
HUOBIGLOBAL,SUSHI-USDT,SUSHI,12.924090599857951,85804564.18848953,-0.3669866234917636
HUOBIGLOBAL,BTT-USDT,BTT,0.003971460861002013,83115441.85653609,0.8821579272273746
HUOBIGLOBAL,LINK-USDT,LINK,28.995621149831045,82790320.86633903,2.201929618623601
HUOBIGLOBAL,ATOM-USDT,ATOM,35.78739682535475,66296690.692459434,5.17713173851574
HUOBIGLOBAL,FOR-USDT,FOR,0.11730530646101406,56187770.5528754,-4.9639040357799775
HUOBIGLOBAL,LTC-USDT,LTC,183.7319258489119,54882966.34484748,1.3376358320922341
HUOBIGLOBAL,ETH-BTC,ETH,3498.2534393976775,52172235.003047235,-0.7938365784473128
HUOBIGLOBAL,JST-USDT,JST,0.0909463782099902,50510459.442768924,0.14536484373278555
HUOBIGLOBAL,DFA-USDT,DFA,1.8277683786379522,47811945.92380321,-0.506287767434269
HUOBIGLOBAL,ADA-USDT,ADA,2.3989124938759234,43995600.6514228,1.224450093599288
HUOBIGLOBAL,CRV-USDT,CRV,2.900967244427177,40718828.687986776,-3.4291041049372364
HUOBIGLOBAL,UNI-USDT,UNI,24.93784733746202,40174687.21978514,1.1604697864054017
HUOBIGLOBAL,FTT-USDT,FTT,65.74350645780994,37930926.32657528,3.01657198824681
HUOBIGLOBAL,BCH-USDT,BCH,635.7535672238198,35232425.18432063,1.367361908406692
HUOBIGLOBAL,MATIC-USDT,MATIC,1.402391191817472,34561213.69076097,4.475047645727374
HUOBIGLOBAL,HT-USDT,HT,14.581543288584523,32866888.27877574,2.731000662316988
HUOBIGLOBAL,ALGO-USDT,ALGO,1.9963839119266142,32723923.259573605,-0.33451495331768577
HUOBIGLOBAL,AAVE-USDT,AAVE,362.81522345445273,29716212.962009486,-0.6364189628529183
HUOBIGLOBAL,ELF-USDT,ELF,0.9758899014417344,29478314.805501066,-2.3711855927964036
HUOBIGLOBAL,ETC-USDT,ETC,57.76672161624984,28121111.804998122,0.9977129188610611
HUOBIGLOBAL,XTZ-USDT,XTZ,6.358635773582312,28097585.846313298,1.0995563612078503
HUOBIGLOBAL,USDT-HUSD,USDT,1.0000795847855073,27601188.5195246,-0.004999000199948357
HUOBIGLOBAL,ICP-USDT,ICP,58.09535189050047,26990423.171258535,3.2160625444207573
HUOBIGLOBAL,AGLD-USDT,AGLD,3.0894346065164315,24935657.13672548,3.209047475861146
HUOBIGLOBAL,EOS-BTC,EOS,5.288009533108995,20122567.178750772,-5.010902747492362
HUOBIGLOBAL,LUNA-BTC,LUNA,36.08208883020333,17310569.819696072,0.6678678353224861
HUOBIGLOBAL,BSV-USDT,BSV,159.86712736341946,16982303.516202334,0.7257691527316091
HUOBIGLOBAL,YGG-USDT,YGG,6.8086272279312645,16711308.048747763,-8.440475550056487
HUOBIGLOBAL,NEAR-USDT,NEAR,8.79796049033424,16600589.533367485,4.81657114942391
HUOBIGLOBAL,MASK-USDT,MASK,11.515860870179631,16212190.454116547,0.23677704655455062
HUOBIGLOBAL,AXS-USDT,AXS,66.920764909831,15098186.196841765,1.2484585297210693
HUOBIGLOBAL,MX-USDT,MX,1.8179674757540325,14632848.660632612,10.470981464600433
HUOBIGLOBAL,IOTA-USDT,IOTA,1.619549196961206,14620969.692858856,-0.3875253736851801
HUOBIGLOBAL,SWRV-USDT,SWRV,1.4947877036174302,13538396.97275391,40.71267181321785
HUOBIGLOBAL,DOT-BTC,DOT,34.94393224000018,13483768.345904622,0.763080886573984
HUOBIGLOBAL,XLM-USDT,XLM,0.3256029953700449,12742501.844319038,1.1708954180326576
HUOBIGLOBAL,ACH-USDT,ACH,0.07763415185408641,12415728.29042684,0.9047068151980374
HUOBIGLOBAL,VET-USDT,VET,0.11509310266721501,12166859.058798596,0.5737332424449026
HUOBIGLOBAL,ZEC-USDT,ZEC,140.55294809245885,11786899.527098974,2.922006590992296
HUOBIGLOBAL,OMG-USDT,OMG,8.758356841946156,11777035.273466334,3.6715439070009515
HUOBIGLOBAL,SOL-BTC,SOL,158.43853511305255,11776659.675392112,7.232362336177096
HUOBIGLOBAL,TRX-BTC,TRX,0.10733826613921073,11688943.788587157,-1.0917225950783058
HUOBIGLOBAL,MDX-USDT,MDX,1.6565026012021078,11376300.990948293,1.7476503470729214
HUOBIGLOBAL,PHA-USDT,PHA,1.0010427185827575,11257921.256149516,0.8965723709145479
HUOBIGLOBAL,FOR-BTC,FOR,0.11726314698552152,11189121.519083435,-6.0311284046692695
HUOBIGLOBAL,CSPR-USDT,CSPR,0.12596160390099043,10382928.866053194,3.2377049180327946
HUOBIGLOBAL,AR-USDT,AR,51.1643133857333,10376293.564739257,1.0460201461583942
HUOBIGLOBAL,REN-USDT,REN,1.0635429762643016,10163301.026350498,14.568576098046066
HUOBIGLOBAL,LUNA-HT,LUNA,36.007223776881084,10145338.055056974,0.5135119208487352
HUOBIGLOBAL,KSM-USDT,KSM,415.9228158599559,10075572.421131968,4.6808875880690115
HUOBIGLOBAL,QTUM-USDT,QTUM,12.714071252345384,9486074.1356668,-0.3003638873204056
HUOBIGLOBAL,TALK-USDT,TALK,1.469634886476407,9387601.486162161,-3.2370971777751403
HUOBIGLOBAL,FTT-BTC,FTT,65.75646288113366,9279512.073372042,0.990715537492079
HUOBIGLOBAL,TT-USDT,TT,0.013058703000692198,9237260.61657332,1.7256154565285096
HUOBIGLOBAL,SRM-USDT,SRM,10.524719563739959,9125715.32113972,6.9269457427352075
HUOBIGLOBAL,HBAR-USDT,HBAR,0.4364807097050433,9113994.519883981,-0.7207541246880792
HUOBIGLOBAL,LINK3L-USDT,LINK3L,0.015518929642982284,9055086.977409085,5.849249658935884
HUOBIGLOBAL,DASH-USDT,DASH,204.54384309527643,8991339.041752808,1.9464659555378332
HUOBIGLOBAL,IOST-USDT,IOST,0.07028447478327754,8835235.714601994,1.352754542832432
HUOBIGLOBAL,ETH3L-USDT,ETH3L,17.821641774637946,8437372.268711329,3.560698075816661
HUOBIGLOBAL,THETA-USDT,THETA,6.51960060206873,8375675.285934308,2.11626121963064
HUOBIGLOBAL,SNX-USDT,SNX,13.29102440272634,8318547.894533002,1.325099115584019
HUOBIGLOBAL,XEC-USDT,XEC,0.0002379769230350153,8201080.404491713,0.858305429576573
HUOBIGLOBAL,FLOW-USDT,FLOW,20.969131729359635,7914207.190702121,0.6620481725261932
HUOBIGLOBAL,FIL3L-USDT,FIL3L,0.5285986958465144,7697631.127723865,12.865684390348084
HUOBIGLOBAL,COTI-USDT,COTI,0.4103878059608687,7485151.746614696,10.487345180398489
HUOBIGLOBAL,XRP-BTC,XRP,1.0848176390795152,7426275.204555173,-0.7705973795247656
HUOBIGLOBAL,EGT-USDT,EGT,0.002733251794056426,7395281.408087251,6.425233644859822
HUOBIGLOBAL,MXC-USDT,MXC,0.03324656275730508,7085101.6397089,1.4139719341061794
HUOBIGLOBAL,CVNT-BTC,CVNT,3.44821630773367,6819143.189974442,0.07750845546788639
HUOBIGLOBAL,DF-USDT,DF,0.23247141585379294,6339825.379273989,5.419501133786843
HUOBIGLOBAL,XCH-USDT,XCH,218.35141508367056,6300942.874552799,-1.9183599758492265
HUOBIGLOBAL,EOS3L-USDT,EOS3L,0.0065621045176367495,6281954.073792238,-9.095317262399556
HUOBIGLOBAL,DOGE-BTC,DOGE,0.24430793412020801,6264636.40240585,-1.5776295455879152
HUOBIGLOBAL,1INCH-USDT,1INCH,3.2253531276737797,6254392.651004335,3.408874475669991
HUOBIGLOBAL,KAVA-BTC,KAVA,6.274185315831954,6222600.543048153,-1.4077521745765247
HUOBIGLOBAL,COMP-USDT,COMP,413.57309939814263,6089132.723561086,2.0318282753515806
HUOBIGLOBAL,XMR-USDT,XMR,269.04978554556527,6045417.775378469,2.0890255009107452
HUOBIGLOBAL,SAND-USDT,SAND,0.7799938550033207,6021124.260289166,-0.0789199244623516
HUOBIGLOBAL,LTC-BTC,LTC,183.76081977917443,5960853.226284986,-0.7994757536041863
HUOBIGLOBAL,CHZ-USDT,CHZ,0.3308884822824445,5748063.257846507,0.26486132660977074
HUOBIGLOBAL,CVC-USDT,CVC,0.5417499073693253,5269661.4767985465,-1.4374090247452525
HUOBIGLOBAL,ONT-USDT,ONT,1.0235442914844672,5198705.994857092,2.622079614960394
HUOBIGLOBAL,ZEN-USDT,ZEN,96.97838389358392,5127488.776259374,-0.6196828871596116
HUOBIGLOBAL,CHR-USDT,CHR,0.3458183576602606,4981774.141282966,-0.3755510098245449
COINBASE,SOL-USD,SOL,158.6575,634348490.507285,10.709301514199982
COINBASE,ETH-USD,ETH,3498.705,598735686.4355993,-0.6326363682838326
COINBASE,BTC-USD,BTC,48562.325,482644081.7520639,1.7313507562974129
COINBASE,ADA-USD,ADA,2.39905,162428752.40943548,-0.23495654343577804
COINBASE,SHIB-USD,SHIB,8.174999999999999e-06,117840832.37593655,-6.678082191780844
COINBASE,LINK-USD,LINK,29.01469,106772797.3511319,-1.6855109019616275
COINBASE,ALGO-USD,ALGO,1.99715,96310851.18675,-1.5454769534138628
COINBASE,ATOM-USD,ATOM,35.8155,94448593.03005001,1.2166172106824986
COINBASE,DOT-USD,DOT,34.967,94034449.788743,-2.1162836267950627
COINBASE,MATIC-USD,MATIC,1.4025500000000002,93254464.48732,2.055591937713753
COINBASE,XTZ-USD,XTZ,6.3499,71402566.925919,-2.8220314341245443
COINBASE,DOGE-USD,DOGE,0.24435,67630748.405175,-2.9972211194918623
COINBASE,SUSHI-USD,SUSHI,12.934,62990356.48489999,-7.269859478061378
COINBASE,BTC-EUR,BTC,48461.14807073894,57260662.4813678,2.1837723780624896
COINBASE,LTC-USD,LTC,183.8,56129125.179285705,-0.7880816150275178
COINBASE,ETH-EUR,ETH,3490.9835331061654,47342302.82360295,-0.22563704860056408
COINBASE,SOL-BTC,SOL,158.55288488992662,45288947.73717001,8.76886179674228
COINBASE,SOL-EUR,SOL,158.2748481046594,44061139.256786704,11.149486652977412
COINBASE,ETH-USDC,ETH,3498.6283389337686,38319964.97757337,-0.6548457449225301
COINBASE,BTC-USDC,BTC,48564.57720106072,37582671.34584735,1.7318949303249085
COINBASE,EOS-USD,EOS,5.287,37350212.405999996,1.322345726331927
COINBASE,ETH-BTC,ETH,3498.471942156036,36671408.0573539,-2.3050847457627026
COINBASE,XLM-USD,XLM,0.3257565,36607903.3735365,-0.8849436356168077
COINBASE,BTC-GBP,BTC,48502.63306064035,35064424.97523189,2.1039407621455695
COINBASE,FIL-USD,FIL,85.7219,34116311.2821663,2.5593813073758116
COINBASE,ICP-USD,ICP,58.1085,32835014.744089954,1.5510040020272329
COINBASE,ETH-GBP,ETH,3494.5810028535716,31569609.029256314,-0.25799247766809635
COINBASE,ETH-USDT,ETH,3498.6873079086013,30664527.421048094,-0.6092658410539252
COINBASE,USDT-USD,USDT,1.00015,30392678.348019503,-0.02499000399838679
COINBASE,AAVE-USD,AAVE,362.6035,26475051.813626498,-3.543402389844751
COINBASE,SNX-USD,SNX,13.2962,25515559.004386403,-4.053283686561456
COINBASE,CRV-USD,CRV,2.9040999999999997,25302774.117486,-2.9994321787634965
COINBASE,QNT-USD,QNT,350.83000000000004,23225222.454040002,-3.1792465847937024
COINBASE,REN-USD,REN,1.0634000000000001,22946976.887676906,6.8958584640128775
COINBASE,BTC-USDT,BTC,48555.623066594446,22442084.212239508,1.7279300145181344
COINBASE,UNI-USD,UNI,24.9503,22262636.45254936,-2.3234600959919915
COINBASE,BCH-USD,BCH,635.8800000000001,21597308.21267342,-0.76004682013264
COINBASE,POLY-USD,POLY,0.71885,19778384.98625,0.45416433761877795
COINBASE,SOL-USDT,SOL,158.5211033642901,19398037.351885248,10.795669010638747
COINBASE,ADA-EUR,ADA,2.3944532053121494,18891369.38096505,0.22274440691242248
COINBASE,SOL-GBP,SOL,158.2531545524646,17843456.05827061,10.95947103492748
COINBASE,COTI-USD,COTI,0.41964999999999997,17794487.814565,17.483202687569975
COINBASE,GRT-USD,GRT,0.843,16768349.91672,0.6567164179104418
COINBASE,ACH-USD,ACH,0.0776145,16272880.220676001,-0.909648014094745
COINBASE,CGLD-USD,CGLD,5.0877,15851176.253568,-0.8709375730652277
COINBASE,USDC-EUR,USDC,0.9970796715245367,15745290.23642689,0.2941176470588303
COINBASE,FET-USD,FET,0.87695,15532942.67395,-2.927828204560546
COINBASE,AMP-USD,AMP,0.048135,15406585.14201,-0.6501547987616156
COINBASE,ALGO-EUR,ALGO,1.9933406266032465,14066659.954010708,-1.0738332946366487
COINBASE,MATIC-EUR,MATIC,1.39947880464831,13121160.043932261,2.5057825751734772
COINBASE,XYO-USD,XYO,0.034309,12071696.44362,-6.6701123473246176
COINBASE,DOT-EUR,DOT,34.867963832832245,11295639.85650896,-1.668975526090112
COINBASE,DAI-USD,DAI,1.0003389999999999,10153519.057773449,0.004598652594766578
COINBASE,ETC-USD,ETC,57.7285,10109084.585586477,-0.5315574547271606
COINBASE,NMR-USD,NMR,50.7655,9994281.7069805,15.551301632247064
COINBASE,SKL-USD,SKL,0.41910000000000003,9806090.98722,-2.7158774373259025
COINBASE,ALGO-BTC,ALGO,1.9954157454948271,9647436.04631839,-3.054965793819298
COINBASE,ADA-BTC,ADA,2.3986747250868587,9549152.097091574,-1.9062748212867309
COINBASE,OMG-USD,OMG,8.75975,9147799.041225,2.966241154759384
COINBASE,COMP-USD,COMP,413.765,9130315.581419999,1.3235870310510267
COINBASE,XTZ-EUR,XTZ,6.3315962655715206,9026357.636870706,-2.3212152706355247
COINBASE,ADA-USDC,ADA,2.398170226437144,8973973.731500253,-0.16652789342216684
COINBASE,ADA-ETH,ADA,2.398383635554464,8860434.790785208,0.3660322108345385
COINBASE,EOS-EUR,EOS,5.272533911123297,8832128.05970764,1.7148014440433128
COINBASE,DOT-BTC,DOT,34.962869145724554,8757998.139023712,-3.6593524217286433
COINBASE,ADA-GBP,ADA,2.3962131292459734,8670513.394667411,0.18077474892395903
COINBASE,SHIB-USDT,SHIB,8.170752710369923e-06,8161483.53105737,-6.414662084765174
COINBASE,TRB-USD,TRB,59.95,8091367.090400001,-3.577057934184702
COINBASE,ZRX-USD,ZRX,1.10262,7968836.577292419,-0.024571784519062376
COINBASE,ICP-USDT,ICP,58.11035327246565,7927646.172384827,1.624807611585284
COINBASE,LINK-EUR,LINK,28.94577842194554,7183790.208332377,-1.1639376996805013
COINBASE,ATOM-BTC,ATOM,35.8344523707308,7179160.190637899,-0.4048582995951515
COINBASE,XTZ-BTC,XTZ,6.344834541034409,7160551.024139467,-4.578647582883019
COINBASE,OGN-USD,OGN,1.1150000000000002,7088482.033850001,1.8264840182648623
COINBASE,DOGE-EUR,DOGE,0.24386054136406557,7088469.447697993,-2.5700934579439147
COINBASE,YFI-USD,YFI,34136.555,6979515.862597831,-0.2841196220579515
COINBASE,USDT-EUR,USDT,0.9980738272087547,6938163.866290608,0.4413841807909641
COINBASE,MATIC-BTC,MATIC,1.4030304895017163,6857903.035094012,0.46940194714882216
COINBASE,MKR-USD,MKR,2883.2244,6738947.977838958,-0.023010602353484615
COINBASE,LINK-BTC,LINK,29.012553473947847,6633541.3443632405,-3.255290555528565
COINBASE,CRV-EUR,CRV,2.894688953712201,6568960.04985227,-2.576365926625737
COINBASE,ALGO-GBP,ALGO,1.9943620172895342,6256642.717970121,-1.3243683781580993
COINBASE,MATIC-GBP,MATIC,1.4012284033651017,6217083.539428116,2.5414364640883855
COINBASE,LTC-BTC,LTC,183.8336540319605,6209526.198419593,-2.3723568849922545
COINBASE,DOT-GBP,DOT,34.886579027746926,6125961.906863922,-1.8119301498995564
COINBASE,ORN-USD,ORN,12.32,5971587.776,6.6666666666666625
COINBASE,UMA-USD,UMA,11.592500000000001,5945906.578280001,-2.2554806070826166
COINBASE,LTC-EUR,LTC,183.41587576361036,5780888.2579884725,-0.20364006618301717
COINBASE,FARM-USD,FARM,210.905,5676295.693665,0.23049139815607533
COINBASE,WBTC-BTC,WBTC,48590.95654250297,5667759.594552198,-0.004998500449875589
COINBASE,CVC-USDC,CVC,0.5409513977034174,5585424.339199156,-5.8754641729803545
COINBASE,ANKR-USD,ANKR,0.09765,5516825.4162,0.14357501794687852
COINBASE,RGT-USD,RGT,20.015,5411154.544415,-2.8398058252427227
COINBASE,ICP-EUR,ICP,57.99787302235627,5364329.864328772,2.037120869171575
COINBASE,SUSHI-EUR,SUSHI,12.898877603998068,5280797.782312512,-6.979588394062068
COINBASE,WLUNA-USD,WLUNA,36.11,5260347.61317,1.9192774484899793
COINBASE,KEEP-USD,KEEP,0.48555000000000004,5141892.781935,-8.161528276905601
COINBASE,SUSHI-BTC,SUSHI,12.938519445754451,5030478.3759673005,-8.882163862672675
COINBASE,DOT-USDT,DOT,34.91571652396449,4626379.540726885,-2.153807348448743
COINBASE,LINK-GBP,LINK,28.975887946483216,4604904.0359188495,-1.1801341970204715
KRAKEN,ETH-USD,ETH,3498.775,153499159.32783467,-1.1804596435037316
KRAKEN,XBT-USD,XBT,48559.75,101169985.69491711,1.458897025793174
KRAKEN,XBT-EUR,XBT,48473.2767700864,91215402.08959883,1.9020970767797087
KRAKEN,USDT-USD,USDT,1.0000499999999999,83009448.913738,-0.02499250224933355
KRAKEN,SOL-USD,SOL,158.425,67353923.24098873,8.599533863449421
KRAKEN,USDT-EUR,USDT,0.9981907867010156,47933415.769331634,0.4413322349064412
KRAKEN,DOT-USD,DOT,34.9285,38076488.43590077,-2.794127878661373
KRAKEN,ETH-EUR,ETH,3492.708685617015,35836828.39930479,-0.7229055851063793
KRAKEN,ADA-USD,ADA,2.3962955,25850144.74405712,-0.6073774574968521
KRAKEN,SOL-EUR,SOL,157.76081113617258,23167240.27211115,8.786998951528346
KRAKEN,DOT-EUR,DOT,34.85743747852876,16297848.942388972,-2.337759368732878
KRAKEN,ETH-XBT,ETH,3498.759035200371,16061023.51293551,-2.522656567022867
KRAKEN,ATOM-USD,ATOM,35.79855,14594022.88250355,0.9937567531731039
KRAKEN,USDC-USD,USDC,1.0000499999999999,13378306.082072608,0.015001500150002248
KRAKEN,SOL-XBT,SOL,158.31441615115702,12513785.7080624,7.120331132354388
KRAKEN,EUR-USD,EUR,1.171905,11153171.468568759,-0.4574064164309536
KRAKEN,XDG-USD,XDG,0.24431925,10893682.312483825,-3.6420855683939433
KRAKEN,ADA-EUR,ADA,2.3921116762770853,10860047.980098005,-0.1263773075578443
KRAKEN,ALGO-USD,ALGO,1.9932750000000001,10609952.847640155,-1.8120154084115774
KRAKEN,LTC-USD,LTC,183.82999999999998,10558441.631021261,-0.9856727351071919
KRAKEN,XBT-USDT,XBT,48557.67325546302,10295438.319370277,1.4373699472685793
KRAKEN,XTZ-USD,XTZ,6.3523,9035107.584545031,-3.216320809336626
KRAKEN,LINK-USD,LINK,29.03091,8963613.715560568,-2.050729586162967
KRAKEN,ALGO-EUR,ALGO,1.993264602933277,8093922.051301359,-1.2163666083166225
KRAKEN,XRP-EUR,XRP,1.0827641955549032,8053271.118980379,-0.08202737123861145
KRAKEN,KSM-USD,KSM,417.005,7673985.666962056,3.48288954512742
KRAKEN,USDC-USDT,USDC,1.0000421264056798,7230139.707235597,0.025007502250672446
KRAKEN,USDC-EUR,USDC,0.9980153474626241,7191613.66343393,0.4709760979630157
KRAKEN,USDT-GBP,USDT,0.9988282207176884,6775397.61512862,0.4070649924106538
KRAKEN,ETH-USDT,ETH,3499.1623516708323,6555440.534579223,-1.12556412437441
KRAKEN,MATIC-USD,MATIC,1.4039000000000001,6471318.96170067,2.086969168121013
KRAKEN,ATOM-EUR,ATOM,35.759195163860625,5866073.477914228,1.444995603629912
KRAKEN,XRP-USD,XRP,1.08439,5841377.82322064,-0.535666785907567
KRAKEN,DOT-XBT,DOT,34.904327023822646,5831892.272876658,-4.120267260579075
KRAKEN,EOS-USD,EOS,5.304600000000001,5159735.213581143,2.0233103819671667
KRAKEN,DOT-USDT,DOT,34.93116794738863,4260698.470303119,-2.7596661395576763
KRAKEN,TRX-USD,TRX,0.1072535,3840581.434221279,-6.682530843788603
KRAKEN,ZEC-USD,ZEC,140.925,3506499.198293445,2.7449693788276575
KRAKEN,XBT-GBP,XBT,48483.9028866945,3426011.9018020076,1.8712559738577799
KRAKEN,XTZ-EUR,XTZ,6.334233702122005,3343062.13491519,-3.124105609616481
KRAKEN,LINK-EUR,LINK,28.957035773075653,3180574.3032993604,-1.6067772334046455
KRAKEN,USDT-CHF,USDT,0.999948658674599,3096708.6869066022,0.5973008459071498
KRAKEN,EOS-EUR,EOS,5.283294184411304,2933131.718894581,2.540122125621398
KRAKEN,XDG-EUR,XDG,0.24383095061252355,2907606.9966896186,-3.0400741914839786
KRAKEN,BCH-USD,BCH,635.925,2862475.465566112,-1.0418287634994319
KRAKEN,ADA-USDT,ADA,2.4037299376710095,2831381.1197701525,-0.25342222720227153
KRAKEN,CQT-EUR,CQT,1.2970807691738546,2760103.0662074178,3.1627906976744216
KRAKEN,XBT-USDC,XBT,48563.93215527421,2607875.8629212547,1.4731111478884857
KRAKEN,AAVE-USD,AAVE,362.765,2517419.510358939,-3.921127208199806
KRAKEN,ETH-USDC,ETH,3499.1733776215956,2386264.5233540083,-1.1186912005335587
KRAKEN,DOT-ETH,DOT,34.98561220091447,2379785.1495323284,-1.297996249136294
KRAKEN,LTC-EUR,LTC,183.56792310354956,2367536.3044554633,-0.5449591280654037
KRAKEN,ATOM-XBT,ATOM,35.7206960403618,2334009.2975941375,-0.45325395751589037
KRAKEN,DAI-USD,DAI,1.00042,2276487.009690151,-0.007996001998986304
KRAKEN,MATIC-EUR,MATIC,1.401584075509007,2058345.2580967734,2.6511906801439125
KRAKEN,FIL-USD,FIL,85.6525,2035304.2328599805,2.401248146908323
KRAKEN,CRV-USD,CRV,2.8970000000000002,1952790.4959552013,-4.168044988422094
KRAKEN,XBT-CAD,XBT,48573.33352607387,1901134.329735895,2.137128712871285
KRAKEN,MOVR-USD,MOVR,384.2066,1894936.3550497766,2.8372089786422308
KRAKEN,FLOW-USD,FLOW,20.974,1820866.064336996,0.10977996277027201
KRAKEN,MINA-EUR,MINA,5.462008288586024,1815463.6081152095,-2.7083333333333313
KRAKEN,ADA-XBT,ADA,2.3974012510677074,1796774.7316798859,-1.9654556283501996
KRAKEN,MOVR-EUR,MOVR,382.1946732344262,1795284.441372289,3.066638196083692
KRAKEN,TRX-EUR,TRX,0.10701384183653344,1791619.2133383309,-6.33899415492021
KRAKEN,XMR-USD,XMR,269.315,1778127.6773606425,1.4674854946876579
KRAKEN,XLM-USD,XLM,0.325678,1746755.7696383097,-1.281577176529058
KRAKEN,MINA-USD,MINA,5.455,1731902.1937607715,-3.4513274336283235
KRAKEN,SOL-GBP,SOL,157.91273072406082,1728596.7111395805,8.990999526290853
KRAKEN,ETH-GBP,ETH,3497.1067280320513,1720778.4199501532,-0.644843010853342
KRAKEN,DAI-EUR,DAI,0.9985475131524115,1653795.9392464268,0.4677681282214293
KRAKEN,KAVA-USD,KAVA,6.2773,1523009.9008749968,-1.1760075566750627
KRAKEN,LINK-XBT,LINK,29.024560049306306,1490556.3332756392,-3.9347115028277777
KRAKEN,LTC-XBT,LTC,183.73764752259495,1446837.8349201246,-2.411036616812786
KRAKEN,KSM-EUR,KSM,416.51029586505615,1421167.387092712,3.9205672931014366
KRAKEN,XRP-XBT,XRP,1.084608018405277,1371888.585236979,-1.9745502413339218
KRAKEN,KEEP-USD,KEEP,0.48490500000000003,1353351.639893825,-8.41171804170444
KRAKEN,EOS-XBT,EOS,5.289223517220519,1329185.6062867737,0.7393715341959264
KRAKEN,SRM-USD,SRM,10.5105,1308823.1115030572,7.2390572390572405
KRAKEN,USDC-GBP,USDC,0.9988968545540601,1230521.6768364084,0.44168391994478684
KRAKEN,BCH-EUR,BCH,634.6748367793925,1228400.2524246355,-0.7399074429750082
KRAKEN,TRX-XBT,TRX,0.10759684248899078,1189257.5964856618,-8.094862316733796
KRAKEN,LINK-USDT,LINK,29.06365241704315,1189155.1170334134,-1.9807421893313784
KRAKEN,ALGO-XBT,ALGO,1.9949213731545585,1176393.5947133063,-3.0438886267107037
KRAKEN,XBT-CHF,XBT,48565.060744400034,1133495.1541265317,2.1082901111556085
KRAKEN,FLOW-XBT,FLOW,20.95794162465635,1104811.9491981117,-1.550034191930705
KRAKEN,UNI-USD,UNI,24.977,1082921.7002190866,-2.809447838437298
KRAKEN,XTZ-XBT,XTZ,6.357628469568981,1009451.3192341727,-4.694323144104799
KRAKEN,EOS-USDT,EOS,5.286665736574171,1008123.6437111563,2.117178897753402
KRAKEN,MATIC-XBT,MATIC,1.4043100685932246,973001.2618728156,0.6437021572720915
KRAKEN,KEEP-EUR,KEEP,0.48363334847361117,945500.2999288252,-8.11
KRAKEN,ETC-USD,ETC,57.7755,939932.3404342488,-0.5294148029543885
KRAKEN,ADA-GBP,ADA,2.4023764477521543,936584.309769079,0.2922569110163724
KRAKEN,FIL-EUR,FIL,85.60148279086135,919477.4632045274,3.1877396796751576
KRAKEN,SNX-USD,SNX,13.275,916750.051334523,-5.239488899992861
KRAKEN,AAVE-EUR,AAVE,361.779101461548,916725.610463456,-3.674638764324867
KRAKEN,SDN-EUR,SDN,6.20587065936562,914791.0351995628,-2.5169943046114196
KRAKEN,GBP-USD,GBP,1.374315,904619.4626382126,-0.42278013259428576
KRAKEN,DOT-GBP,DOT,35.032011024516656,896767.5750621769,-3.000471318018034
KRAKEN,XDG-XBT,XDG,0.24444947952867369,888004.0717333859,-4.640151515151518
KRAKEN,XRP-USDT,XRP,1.0849999529351688,883298.8389903901,-0.3609378874571778
BITFINEX,BTC-USD,BTC,48563.5,137555059.05373463,1.4275271512113619
BITFINEX,ETH-USD,ETH,3498.95,85011237.6200866,-1.2516580588716835
BITFINEX,SOL-USD,SOL,158.43,59561072.204533964,9.149156045470203
BITFINEX,ETH-BTC,ETH,3498.447664071774,51143838.5990983,-2.547576860130113
BITFINEX,BTC-UST,BTC,48584.71776309955,45902269.84442819,1.437315896128857
BITFINEX,UST-USD,UST,1.00015,31963829.94838106,-0.034982508745612234
BITFINEX,LUNA-USD,LUNA,36.091499999999996,29677235.669910505,0.8452317751264211
BITFINEX,LUNA-UST,LUNA,36.09958099265213,26969012.558687642,0.9867039888033566
BITFINEX,EOS-USD,EOS,5.28875,20383026.919569172,-0.8984953248261899
BITFINEX,SUSHI-USD,SUSHI,12.928,18842781.535837445,-8.096964526906941
BITFINEX,DOT-USD,DOT,34.949,17499877.592997886,-2.9059591609946
BITFINEX,LTC-USD,LTC,183.93,17377280.741082687,-1.7310466420900832
BITFINEX,SOL-UST,SOL,158.44691705873367,16304268.590351973,9.206896551724133
BITFINEX,ETH-UST,ETH,3500.040866307196,15993712.518115722,-1.127819548872183
BITFINEX,XRP-USD,XRP,1.0848499999999999,14057763.079815177,-0.6001466006963787
BITFINEX,SUSHI-UST,SUSHI,12.93140974176536,11103414.20972944,-7.926047306925055
BITFINEX,BTC-EUR,BTC,48439.35851733073,10684554.395105831,1.8255353674427752
BITFINEX,IOT-USD,IOT,1.67165,10355965.601798452,10.056619922312212
BITFINEX,AVAX-USD,AVAX,73.338,10282493.65327514,15.03999999999999
BITFINEX,XTZ-USD,XTZ,6.359,9505836.328399677,-3.0211526436991987
BITFINEX,ETH-EUR,ETH,3490.0127693204,8542306.695440207,-0.7269279393173168
BITFINEX,BTC-GBP,BTC,48514.513577716294,8356515.450009552,1.7386798698868708
BITFINEX,LTC-BTC,LTC,183.9016326678941,8125739.192911713,-2.5322970816820276
BITFINEX,ETH-JPY,ETH,3497.8721056941704,7708101.418581531,-1.1309891013447035
BITFINEX,ETH-GBP,ETH,3495.521286411865,6822865.910633897,-0.7825460211437527
BITFINEX,BTC-JPY,BTC,48547.70756096175,6724607.697635987,1.4097218244539589
BITFINEX,EOS-BTC,EOS,5.288252313951615,5455746.959357276,-1.9447195462321116
BITFINEX,AVAX-UST,AVAX,73.35787073146159,5234675.053353756,16.14860583016476
BITFINEX,DOGE-USD,DOGE,0.24441000000000002,5143959.243304475,-3.0772891303485697
BITFINEX,LTC-UST,LTC,183.98753946431736,4963119.459542123,-1.0680081781986515
BITFINEX,DOT-BTC,DOT,34.919654155738165,4702197.0195423225,-4.256253910774445
BITFINEX,ADA-USD,ADA,2.39925,4639261.244439385,-0.5698300870285922
BITFINEX,LUNA-BTC,LUNA,36.08111770683285,4381184.3906681305,-0.3513477269679567
BITFINEX,TRX-USD,TRX,0.10743,4166188.252484322,-6.4280114972563345
BITFINEX,LINK-USD,LINK,29.011499999999998,4046268.1059662956,-2.153456998313661
BITFINEX,DOT-UST,DOT,34.964886935534324,3698048.8929409226,-2.8645688552843622
BITFINEX,EOS-UST,EOS,5.29083624022583,3245043.0126303593,-0.14164038450643585
BITFINEX,XLM-USD,XLM,0.32572,2921515.098841547,-1.395574122846851
BITFINEX,XRP-BTC,XRP,1.0845020239841092,2883670.899071831,-1.9964896884598429
BITFINEX,UNI-USD,UNI,24.951,2676714.272688234,-3.1217239370995866
BITFINEX,YFI-USD,YFI,34143.5,2357765.94405822,-1.010379218369477
BITFINEX,ATO-USD,ATO,35.783,2025518.3995978348,0.6440906789672227
BITFINEX,ZEC-USD,ZEC,140.635,1991633.7304019376,1.7104216388226001
BITFINEX,ALG-USD,ALG,1.99635,1960431.6775894265,-1.9522616767349215
BITFINEX,XRP-UST,XRP,1.0851637609737712,1939268.3414558591,-0.5410858400586955
BITFINEX,EOS-EUR,EOS,5.275223979445299,1933323.6272900847,0.5293841753095219
BITFINEX,NEO-USD,NEO,49.923,1916260.3710864475,-1.4586869843274983
BITFINEX,EOS-ETH,EOS,5.289914132423885,1906653.6046771677,1.5822359580757859
BITFINEX,IOT-BTC,IOT,1.6696038546986163,1821997.5818278121,8.367475575165484
BITFINEX,DOGE-UST,DOGE,0.24438448239873584,1716638.8947092376,-3.8861123135649893
BITFINEX,DOGE-BTC,DOGE,0.24399474683322805,1673921.7736616083,-5.545112781954882
BITFINEX,AAVE-USD,AAVE,362.75,1592948.2100090152,-4.16116248348745
BITFINEX,UNI-UST,UNI,24.957765890353425,1529011.4532450757,-3.075697520789614
BITFINEX,LINK-UST,LINK,29.01724895007734,1402815.4351803907,-2.131213931355684
BITFINEX,XMR-USD,XMR,269.685,1237624.5344574968,1.2559134940301757
BITFINEX,PLANETS-UST,PLANETS,0.35764876264163675,1236663.0964186082,-6.380470939521725
BITFINEX,EUR-UST,EUR,1.1724671617528966,1147994.6444581847,-0.5052220429651119
BITFINEX,ADA-UST,ADA,2.4000680470923816,1126535.6528582734,-0.5390612041797935
BITFINEX,DSH-USD,DSH,204.64999999999998,1070079.5810569508,-0.4814238475004907
BITFINEX,YFI-UST,YFI,34153.39056840687,993534.3141493716,-0.9676202634480358
BITFINEX,BTC-XCH,BTC,9831312.233645005,983131.2233645006,0.23450808610428975
BITFINEX,FIL-USD,FIL,85.73150000000001,968670.7365558064,2.3598591128888016
BITFINEX,XRD-USD,XRD,0.14740999999999999,963620.932450514,2.2331645745197313
BITFINEX,TRX-EUR,TRX,0.10715653241709179,943447.8535741183,-6.933014748240144
BITFINEX,FTT-USD,FTT,65.67949999999999,848816.8294426578,-1.1758775823415362
BITFINEX,NEXO-BTC,NEXO,1.688297979580366,825276.7222182294,-0.5150214592274726
BITFINEX,IOT-ETH,IOT,1.6715911736817743,822677.1002761727,11.215344863707239
BITFINEX,BCHN-USD,BCHN,635.895,801183.5210549781,-0.9864067390187372
BITFINEX,OMG-USD,OMG,8.76265,779187.2380121701,2.6323803277152487
BITFINEX,ETC-USD,ETC,57.7555,770041.1399178557,-0.8046510030228065
BITFINEX,EUT-UST,EUT,1.177220068958637,742819.2573933763,-1.1344537815126108
BITFINEX,EOS-JPY,EOS,5.287048601728903,718178.4035460023,0.19560540123480874
BITFINEX,TERRAUST-USD,TERRAUST,1.00205,713803.369124912,-0.13454255531193565
BITFINEX,COMP-USD,COMP,413.4,707797.5223370219,0.7555447233731333
BITFINEX,DAI-USD,DAI,1.0008,646117.4242228244,0.03998400639743662
BITFINEX,EOS-GBP,EOS,5.283432723895256,630254.7513941741,0.4489428358141175
BITFINEX,XLM-UST,XLM,0.32574925070079414,625948.7218265474,-1.4679176755448005
BITFINEX,XTZ-BTC,XTZ,6.357459144850656,583722.0252973579,-4.4027453271028
BITFINEX,ZRX-USD,ZRX,1.10255,544966.0472254748,-0.5188125958675578
BITFINEX,VELO-UST,VELO,0.40619345592300377,541240.6847152475,-3.332618945563647
BITFINEX,FTT-UST,FTT,65.73370726743241,502147.92107287573,-0.24977982932975445
BITFINEX,ETH-EUT,ETH,3500.8279203057164,501042.21729016904,-0.7224131602655958
BITFINEX,VELO-USD,VELO,0.40618,486129.8086188276,-3.2881735279411517
BITFINEX,XLM-BTC,XLM,0.32556910995359084,475688.43023417797,-2.8260869565217366
BITFINEX,NEO-UST,NEO,49.91803331081514,459763.7038204708,-1.4645756384680755
BITFINEX,ATO-UST,ATO,35.78688972911658,436659.21838652744,0.7464788732394382
BITFINEX,UDC-UST,UDC,1.0004069178448793,423217.7081630439,-0.01650066002639813
BITFINEX,FTM-USD,FTM,1.40015,422254.46393720194,4.325311079651304
BITFINEX,ADA-BTC,ADA,2.3989175059294787,386976.66278825526,-1.8963463065925472
BITFINEX,FIL-UST,FIL,85.76796159866046,376833.0647026302,2.3957711145621765
BITFINEX,XMR-BTC,XMR,269.0570132169038,368175.2502685946,-0.3676999424626159
BITFINEX,TRX-ETH,TRX,0.10737621265523925,352362.15021012706,-5.598277453091375
BITFINEX,ZEC-BTC,ZEC,140.5822469191848,343046.6724134309,0.32398905020965446
BITFINEX,NEXO-UST,NEXO,1.688782976102796,340228.2178432547,0.7912809793968207
BITFINEX,LEO-USD,LEO,3.1576,334691.5014134751,5.924186514592423
BITFINEX,NEO-BTC,NEO,49.89389096686238,327712.1870272104,-2.887250732444955
BITFINEX,TRX-BTC,TRX,0.10755191328071644,320118.91719867376,-7.322175732217574
BITFINEX,EUT-USD,EUT,1.1766,316045.48047192226,-0.8093070308548164
BITFINEX,XDC-UST,XDC,0.12085392259143576,292375.02272877155,-1.8288222384784214
BITFINEX,ALG-UST,ALG,1.9972216384542623,289482.67234876566,-1.7039298729439452
POLONIEX,ETH-BTC,ETH,3498.4083335752694,28484906.435755283,-2.5316649999999963
POLONIEX,TRX-USDT,TRX,0.10736285553733138,28436326.57441817,-6.610184544731888
POLONIEX,BTC-USDT,BTC,48548.708924626226,25617356.171925638,1.3947492872868517
POLONIEX,ETH-USDT,ETH,3498.666510067652,21816293.70447335,-1.1650333850453451
POLONIEX,GALA-USDT,GALA,0.10857501720472476,6897232.086146109,-1.9390566828368327
POLONIEX,SRM-USDT,SRM,10.535967429921792,4911564.786930307,7.264265294086786
POLONIEX,BTC-USDC,BTC,48560.93867959192,4000692.8136582715,1.419287821556286
POLONIEX,XRP-BTC,XRP,1.0849875856693494,3063514.9351166836,-1.9526105528200488
POLONIEX,ETH-USDC,ETH,3499.0776215396563,2653535.8863654565,-1.1241281001220211
POLONIEX,TRX-BTC,TRX,0.10755191328071644,1898871.213035446,-8.091286119909501
POLONIEX,JST-USDT,JST,0.09084949928525904,1624930.0903328722,-6.561936403793918
POLONIEX,XRP-USDT,XRP,1.084956153900291,1590525.2301710849,-0.5477625831448771
POLONIEX,LTC-USDT,LTC,183.72478819137288,1407790.0508856943,-0.983933411224572
POLONIEX,USDJ-USDT,USDJ,0.9999460925587993,1396742.3775315813,0.05223950033425594
POLONIEX,USDT-USDC,USDT,1.0003709931328282,1301517.5844398858,0.028922499994613087
POLONIEX,RD-USDT,RD,15.459489557211503,1289780.2103489325,-0.5044878522913526
POLONIEX,DOGE-USDT,DOGE,0.24439620939588283,1039591.9031516712,-3.473698999499946
POLONIEX,LTC-BTC,LTC,183.7615481217023,863393.3281751041,-2.441592335826143
POLONIEX,SHIB-USDT,SHIB,8.170752710369923e-06,794400.2838382046,-7.683615298159509
POLONIEX,SRM-USDC,SRM,10.53075490692884,764605.6302406181,7.367242073852598
POLONIEX,LINKBULL-USDT,LINKBULL,2.1355769597416256,701460.4044467129,-9.289290354438743
POLONIEX,ETHBULL-USDT,ETHBULL,1741.7938625034499,697508.6436847199,-4.841347955556616
POLONIEX,SRM-BTC,SRM,10.532561295388986,684304.9047268283,5.822518825041581
POLONIEX,DOT-USDT,DOT,34.961982081064434,607693.2132476075,-2.6549135032625926
POLONIEX,BTT-USDT,BTT,0.003974231116204917,518309.37722673465,-1.1559957883628105
POLONIEX,JST-TRX,JST,0.09050079108782573,496145.9628110663,-0.3416130227938892
POLONIEX,DOGE-BTC,DOGE,0.2444803085184683,471466.43900364655,-4.640151029821073
POLONIEX,ATOM-BTC,ATOM,35.85800211246496,464934.65381482034,-0.321918316691387
POLONIEX,ATOM-USDT,ATOM,35.865624181856354,422645.18877714913,1.6931379937431286
POLONIEX,ACH1-USDT,ACH1,0.08077778645364304,418168.80583302537,-3.999536330675393
POLONIEX,EOS-USDT,EOS,5.28804174275706,378922.3483123293,2.333496339972141
POLONIEX,EOS-BTC,EOS,5.288495094794236,372795.09247498703,-1.3719096934135462
POLONIEX,TRXBULL-USDT,TRXBULL,0.5824792144559309,294255.2463170147,-21.09202625700296
POLONIEX,XMR-BTC,XMR,269.0048153357405,240010.7756378014,-0.1392441127617226
POLONIEX,ADABULL-USDT,ADABULL,2235.209072388403,232492.8873669622,-1.183664525726137
POLONIEX,XRPBULL-USDT,XRPBULL,0.012496326193120747,213043.112384849,-2.48086812495597
POLONIEX,DOT-BTC,DOT,34.97840711965223,207769.8910034022,-4.045341274823268
POLONIEX,BCH-BTC,BCH,635.9168321982702,194575.7466868738,-2.3549882873672203
POLONIEX,MATIC-USDT,MATIC,1.4076185133715322,183325.0553485536,2.177174265334613
POLONIEX,LTC-USDC,LTC,183.90880069253762,179995.11447818918,-0.9028083450072703
POLONIEX,XRP-USDC,XRP,1.0850666349818598,168210.01129089642,-0.5730856583231673
POLONIEX,XMR-USDT,XMR,269.10640517150824,165335.47345034202,1.2637634876005837
POLONIEX,TRX-USDC,TRX,0.10736394088567912,151097.7877847867,-6.596849288538893
POLONIEX,ELON-USDT,ELON,7.500690982591728e-08,136514.09228304375,7.142857142857132
POLONIEX,TUSD-USDT,TUSD,0.9997020800797536,134521.59414803577,-0.007829376817914471
POLONIEX,DYDX-USDT,DYDX,17.136131313683443,133973.40815282334,6.936169354580163
POLONIEX,LINK-BTC,LINK,29.006241172039722,130885.04336876058,-3.491978162509404
POLONIEX,SUSHI-USDT,SUSHI,12.937387804830049,124774.33597273374,-7.953654816884471
POLONIEX,SNX-USDT,SNX,13.294107506749665,121830.00296303215,-4.818583641983552
POLONIEX,MATIC-BTC,MATIC,1.402787708659096,121581.63875423896,0.7322169607031995
POLONIEX,LINK-USDT,LINK,29.015106199843046,117889.95391942294,-2.0617863108732686
POLONIEX,BULL-USDT,BULL,9742.953752234533,113365.40340924008,3.1174282517119103
POLONIEX,EOSBULL-USDT,EOSBULL,0.00161253855112281,111317.49415932564,6.346253069007397
POLONIEX,INJ-USDT,INJ,11.217495859041467,109299.58486951696,0.0683699847911791
POLONIEX,ATOM-USDC,ATOM,35.858081256118695,101314.38875256562,0.7275183263235919
POLONIEX,BNB-USDT,BNB,417.48870527864284,100963.46483104373,-0.16517317113488267
POLONIEX,BCH-USDT,BCH,635.9157318928385,99858.29755023819,-0.9887587757285512
POLONIEX,STR-BTC,STR,0.325811890796211,97868.03474262275,-2.4709300000000076
POLONIEX,AAVE-BTC,AAVE,362.6808323373462,96539.5893720764,-5.526695794863743
POLONIEX,DAI-USDT,DAI,1.0002544809683183,89752.88722517167,0.054061702946062
POLONIEX,SNX-BTC,SNX,13.277927063737389,87635.12713157087,-6.482335733346703
POLONIEX,POL-USDT,POL,0.34446783324654173,85431.07965086692,77.78074665611243
POLONIEX,UNI-USDT,UNI,24.957226687736696,81483.92690112222,-2.9024035165951654
POLONIEX,DASH-USDT,DASH,204.6004663665551,78549.56526290384,-0.593287608820401
POLONIEX,EOSBEAR-USDT,EOSBEAR,1.579145474868312e-05,77022.56388986041,-2.890528000000002
POLONIEX,BTT-TRX,BTT,0.003972873485339454,72967.25806848858,6.090019965521636
POLONIEX,SENSO-USDT,SENSO,0.5872490988697266,69659.828026192,-6.37999420648007
POLONIEX,TUSD-USDC,TUSD,0.9999090103404585,62797.396443913094,-0.013194500015014746
POLONIEX,CRV-USDT,CRV,2.8989564141844175,60987.785078344445,-3.7898914871304945
POLONIEX,TRXBEAR-USDT,TRXBEAR,2.550234934081187e-07,60927.104299917264,21.428571125000015
POLONIEX,ETH-TRX,ETH,3487.874288628742,59303.24214943817,5.8514035315610915
POLONIEX,STR-USDT,STR,0.3257370327179038,54131.001823405364,-1.5219867605193018
POLONIEX,XTZ-USDT,XTZ,6.339694083626007,52986.45822977372,-3.629172260058101
POLONIEX,NFT-USDT,NFT,4.055373591254594e-06,52777.69521306806,-1.5776697765432133
POLONIEX,NMR-BTC,NMR,50.783439974222524,52300.22799792791,14.653584638434788
POLONIEX,ZEC-USDT,ZEC,140.6850816249335,52000.825089713704,2.008072164026535
POLONIEX,XRP-TRX,XRP,1.0861233117978193,50352.243413485216,8.602014857871348
POLONIEX,DASH-BTC,DASH,204.61156688591885,50289.98853303214,-1.544042046736203
POLONIEX,XLMBULL-USDT,XLMBULL,1.8737919034412616,50243.11161300028,-3.9169593856458302
POLONIEX,BEAR-USDT,BEAR,0.0002308012619950025,49374.759027494816,-5.032714342055117
POLONIEX,BNB-USDC,BNB,417.48748390769623,49016.49755207615,0.44459833878390714
POLONIEX,ETC-USDT,ETC,57.71464962424647,47986.66629535022,-0.8430705234673713
POLONIEX,XFLR-USDT,XFLR,0.24542918955662338,47736.34286196633,-5.649610051823628
POLONIEX,ETHBEAR-USDT,ETHBEAR,2.0501888685750723e-07,43934.97521124734,-2.380952380952383
POLONIEX,OCEAN-USDT,OCEAN,0.812749182506794,42507.6217410263,-3.1151422491107796
POLONIEX,REN-USDT,REN,1.0636550315871207,41866.02427390673,5.9946803479184085
POLONIEX,YFI-USDT,YFI,34147.26911504394,41360.68371027225,-0.9018900020099717
POLONIEX,XEM-BTC,XEM,0.18621290628963771,40441.78822877795,-2.9113917206266375
POLONIEX,FIL-USDT,FIL,85.76322853515529,38613.19422813944,2.9448260045377754
POLONIEX,XYM-USDT,XYM,0.13210751507784577,38610.92236827721,3.047411956796832
POLONIEX,MATIC-USDC,MATIC,1.39216799358879,38225.650280966416,1.2847548281046293
POLONIEX,LTCBULL-USDT,LTCBULL,0.15190344872923628,37924.02954828683,-4.1690215310523975
POLONIEX,DOGE-USDC,DOGE,0.24425592772518298,37842.34350796335,-4.372381000831982
POLONIEX,NFT-TRX,NFT,4.058820978660254e-06,36178.46515419023,5.614524764768206
POLONIEX,RSR-USDT,RSR,0.04049684567167331,36053.884542388856,-0.4120317638120957
POLONIEX,BLY-USDT,BLY,0.030352601158255645,32326.331080356886,4.7146202782935624
POLONIEX,KLV-BTC,KLV,0.03908771566184051,31823.785368092875,-3.0120476419753244
POLONIEX,SENSO-BTC,SENSO,0.5875296391407083,30801.01097589822,-7.563025194054498
POLONIEX,AAVE-USDT,AAVE,362.55452535828596,28286.23626755331,-4.25726290423106
POLONIEX,AKITA-USDT,AKITA,8.350769293952125e-07,27288.989587105658,-4.022987648809519
BITTREX,JASMY-USDT,JASMY,0.024022212986913774,8636682.046408249,0.5441607367099128
BITTREX,BTC-USD,BTC,48546.2325,7839975.388058121,1.4160968923738069
BITTREX,BTC-USDT,BTC,48547.33545746897,6088845.68347084,1.4079988818411606
BITTREX,ETH-BTC,ETH,3499.001689954633,5107761.991738459,-2.511758372911217
BITTREX,ETH-USD,ETH,3497.6000000000004,4826426.555554208,-1.1585106518264858
BITTREX,HBAR-USD,HBAR,0.43678233,4352799.879280728,-4.436623887636026
BITTREX,USDT-USD,USDT,1.000115,2804496.544805031,-0.013496625843538739
BITTREX,ETH-USDT,ETH,3498.4706210818636,2572096.222984187,-1.0665945760174291
BITTREX,ADA-USD,ADA,2.399475,2524769.0815212214,-0.5539115730840127
BITTREX,AVAX-USDT,AVAX,73.41276296908379,2499409.040621644,16.365999809771417
BITTREX,AVAX-BTC,AVAX,73.42639526118872,2358013.690229065,14.84124030772268
BITTREX,DOT-USD,DOT,34.926,2304284.155858377,-2.7320578160247155
BITTREX,ADA-USDT,ADA,2.3991401598490874,2290756.851781737,-0.5147003359270358
BITTREX,BTC-EUR,BTC,48455.9544844851,1969497.7426373959,1.9209537668525165
BITTREX,DAF-USDT,DAF,0.5367994513208147,1928940.1979843727,-2.3700389246607707
BITTREX,ADA-BTC,ADA,2.399645848457339,1779742.075282626,-1.9249851160944618
BITTREX,TUSD-BTC,TUSD,1.000499852437545,1763025.3126610601,-1.2697652132247166
BITTREX,SUSHI-USD,SUSHI,12.934000000000001,1657721.6051193392,-7.627481788315952
BITTREX,TUSD-ETH,TUSD,1.000131224130447,1423537.6237797914,0.6177402323125609
BITTREX,ME-BTC,ME,0.00922567201956484,1336807.7169988512,-1.393146294826152e-14
BITTREX,XELS-USDT,XELS,5.805534820525997,1251125.535133744,0.5891526598509758
BITTREX,HBAR-BTC,HBAR,0.43700551671622934,1142121.9713958614,-6.152241918665271
BITTREX,AVAX-ETH,AVAX,73.44057117501028,1126630.9535151199,17.7353503886726
BITTREX,ATOM-USDT,ATOM,35.83173537493389,1085127.8572872109,1.5717935443749493
BITTREX,ATOM-USD,ATOM,35.83514026,1002652.4365867124,1.1365281453403557
BITTREX,VRA-USDT,VRA,0.0362083356032978,916372.7075210664,0.597388163378716
BITTREX,ALGO-USD,ALGO,1.9967549999999998,912936.7798213906,-1.4011446178763853
BITTREX,ATOM-BTC,ATOM,35.83615183662914,900372.0866971626,-0.1940579063383292
BITTREX,QNT-BTC,QNT,350.49930355888125,893408.646886446,-4.799692971581409
BITTREX,STMX-BTC,STMX,0.035203222179918475,886978.9668541696,-0.6849315068493085
BITTREX,LINK-USD,LINK,29.006656460000002,875416.4021344123,-1.6723543161913754
BITTREX,USDC-USD,USDC,1,795063.51815696,0.0100010001000089
BITTREX,SUSHI-USDT,SUSHI,12.934691576446681,742006.8483082368,-7.353151862464186
BITTREX,SUSHI-BTC,SUSHI,12.926137622780823,731303.1504512529,-8.860282789551162
BITTREX,LTC-BTC,LTC,183.89119309166145,720416.1920383848,-2.5074718310040347
BITTREX,DOGE-BTC,DOGE,0.2444803085184683,715569.5729729424,-5.178907721280601
BITTREX,MVC-USDT,MVC,0.02098193290863659,710449.4899075388,-13.591433278418455
BITTREX,DOT-USDT,DOT,34.93121795199518,700813.9084405919,-2.9211484477056118
BITTREX,LUNA-BTC,LUNA,36.10855194204893,672373.4918164521,-0.00873996584689452
BITTREX,ETH-EUR,ETH,3490.1694950400297,645320.2139115334,-0.6311939338783273
BITTREX,LUNA-USDT,LUNA,36.100685686315636,637335.1614226936,1.4768919374788936
BITTREX,TRX-BTC,TRX,0.10755191328071644,611309.0339483754,-8.091286307053934
BITTREX,XRP-BTC,XRP,1.0847448048267292,610179.068925481,-1.9745502413339218
BITTREX,XRP-USDT,XRP,1.0845349150947088,606340.1651964315,-0.5438167246425409
BITTREX,DOT-ETH,DOT,34.93832678175397,599009.8443419987,-2.3270474085231663
BITTREX,TRX-USDT,TRX,0.1073635105976772,592084.1369883593,-6.753373116640178
BITTREX,XRP-EUR,XRP,1.0818343675914288,590984.7666004199,-0.24212422212874554
BITTREX,LTC-USDT,LTC,183.82275633644576,577209.5018250531,-1.1997257061650886
BITTREX,DOGE-USDT,DOGE,0.24430470596635587,558101.4635508612,-3.6333353228733443
BITTREX,XRP-USD,XRP,1.084595,535143.4555200603,-0.5433187836995157
BITTREX,LINK-BTC,LINK,29.010854008049506,533621.7962240207,-3.464154723627015
BITTREX,DVI-USDT,DVI,0.48967511010751835,532380.3353327858,-2.7218723302803416
BITTREX,USDC-USDT,USDC,1.0000721291696102,525298.0388994062,-0.041983206717299576
BITTREX,DOGE-USD,DOGE,0.24429499999999998,499092.6713978713,-3.218841613184373
BITTREX,DOT-BTC,DOT,34.94587448674114,485387.5825530105,-4.121816050303744
BITTREX,EOS-USDT,EOS,5.286761319801265,476733.03344564757,0.6326148770964911
BITTREX,DVI-BTC,DVI,0.4899317404074171,453641.55683292076,-4.360189573459722
BITTREX,USDT-EUR,USDT,0.998249266447146,452648.95485532854,0.4117647058823468
BITTREX,RSR-BTC,RSR,0.04054440071756128,446350.6665351085,-1.7647058823529367
BITTREX,LINK-USDT,LINK,29.007153097183153,439035.88224330894,-1.7484353641853583
BITTREX,SUSHI-ETH,SUSHI,12.924768705605596,425274.46680342907,-6.985073800087624
BITTREX,MATIC-USDT,MATIC,1.4043793749739244,413002.1942361497,2.1488168413701723
BITTREX,NMR-USDT,NMR,50.790547688493554,410854.2904715367,15.60897979694507
BITTREX,ATOM-ETH,ATOM,35.82726817081816,391822.2838980366,2.0329751903890374
BITTREX,HBAR-USDT,HBAR,0.4367688162461454,388828.1427940629,-4.8607258274701595
BITTREX,XTZ-USDT,XTZ,6.363104655266975,382647.2640586669,-2.921546853728515
BITTREX,MATIC-BTC,MATIC,1.4052155170852973,377870.3403427236,0.31195840554591836
BITTREX,FOL-USDT,FOL,2.0808766956151823,375580.2964133825,-0.6870859346659763
BITTREX,XLM-USDT,XLM,0.3253315603647669,374764.61082114646,-1.2910958388680314
BITTREX,XELS-BTC,XELS,5.845919909450048,356475.39725629945,-1.3963963963964057
BITTREX,LTC-USD,LTC,183.85649999999998,342528.15391892596,-1.044419447030907
BITTREX,SOLVE-BTC,SOLVE,0.08521607575966472,340481.8147876694,1.4450867052023229
BITTREX,TRX-USD,TRX,0.10737,334341.28353577654,-6.062992125984257
BITTREX,CRO-BTC,CRO,0.19398189325348178,330634.3040908385,-1.600985221674882
BITTREX,VLX-BTC,VLX,0.15343749253592054,330241.37583692436,-7.602339181286539
BITTREX,BSV-USD,BSV,159.841,329260.3938922222,0.7132550769017542
BITTREX,NMR-BTC,NMR,50.82009988145816,325658.7469779268,13.877464420942667
BITTREX,DFI-BTC,DFI,2.6535946098379926,322406.4421902188,-0.20087655222789857
BITTREX,ADA-ETH,ADA,2.399993054186638,315707.6145859884,0.7742144000940276
BITTREX,RDD-BTC,RDD,0.0026705892688214015,314861.9506834705,-21.428571428571438
BITTREX,XLM-USD,XLM,0.325406415,313085.7722185422,-1.5087135981005795
BITTREX,USDC-BTC,USDC,1.000499852437545,311733.0756781982,-1.5057361376673017
BITTREX,ALGO-USDT,ALGO,1.9970639745757026,310879.96816560137,-1.2891999841815893
BITTREX,TRX-ETH,TRX,0.10734122529367025,306527.93721633265,-5.483672211953173
BITTREX,HIVE-BTC,HIVE,0.7586901331878981,305709.79507471755,-3.0105524518932314
BITTREX,EOS-BTC,EOS,5.288737875636856,298165.6444109871,-1.1076811331033154
BITTREX,XDB-BTC,XDB,0.6091371341338996,294689.89700258354,-1.3757861635220194
BITTREX,CELO-BTC,CELO,5.086258652891669,292591.8871632621,-3.0092592592592573
BITTREX,MATIC-USD,MATIC,1.40353,281454.78599174315,2.4474452554744404
BITTREX,DGB-BTC,DGB,0.05705349801572994,280857.9178782659,-1.260504201680678
BITTREX,IOST-BTC,IOST,0.07016366351721683,278015.47011217935,-0.3448275862068932
BITTREX,XTZ-USD,XTZ,6.362260695,273305.948174023,-2.4829397391379033
BITTREX,UNI-USDT,UNI,24.932796872200413,265941.6905797126,-2.5086031597059173
BITTREX,ADA-EUR,ADA,2.3943596377183414,257277.0679338807,0.2041116005873827
BITTREX,EOS-USD,EOS,5.28690049,255064.97919877747,0.3397322072499471
BITTREX,RFOX-USDT,RFOX,0.057950338531503685,236493.7701986383,-8.41631104789001
BITTREX,BSV-USDT,BSV,159.89162962062926,235115.0519263059,0.14839639188174636
BITTREX,VRA-BTC,VRA,0.03641712639301911,233413.39784772837,0
BITTREX,CRTS-USDT,CRTS,0.0023202137439483745,228388.54021166108,5.454545454545449
BITTREX,SC-USD,SC,0.018744999999999998,228205.8858100423,0.6713211600429465
